marca,model,varianta,an,tip,arhitectura,mass_kg,Cd,Af,P_ICE_max_kW,P_EM_max_kW,bat_energy_kWh,price_EUR,co2_wltp_g_km,consum_wltp_L_100km,eta_th_peak,sursa,estimari
Toyota,Yaris,1.5 Hybrid 116,2024,HEV,serie_paralel,1085,0.29,2.10,68,59,0.76,24500,96,4.2,0.40,Fișă tehnică Toyota 2024,Cd;Af
Toyota,Yaris,1.5 Hybrid 130,2024,HEV,serie_paralel,1125,0.29,2.10,74,62,0.76,27500,101,4.5,0.40,Fișă tehnică Toyota 2024,Cd;Af
Toyota,Yaris Cross,1.5 Hybrid 116 FWD,2024,HEV,serie_paralel,1160,0.31,2.25,68,59,0.76,28500,102,4.5,0.40,Fișă tehnică Toyota 2024,Cd;Af
Toyota,Yaris Cross,1.5 Hybrid 130 AWD-i,2024,HEV,serie_paralel,1245,0.31,2.25,74,62,0.76,33500,112,5.0,0.40,Fișă tehnică Toyota 2024,Cd;Af
Toyota,Corolla,1.8 Hybrid 140 HB,2024,HEV,serie_paralel,1355,0.29,2.22,72,70,0.76,31500,102,4.5,0.41,Fișă tehnică Toyota 2024,Cd;Af
Toyota,Corolla,2.0 Hybrid 196 HB,2024,HEV,serie_paralel,1420,0.29,2.22,112,83,0.76,35500,107,4.7,0.41,Fișă tehnică Toyota 2024,Cd;Af
Toyota,Corolla,1.8 Hybrid 140 Touring Sports,2024,HEV,serie_paralel,1395,0.30,2.24,72,70,0.76,32800,104,4.6,0.41,Fișă tehnică Toyota 2024,Cd;Af
Toyota,Corolla,2.0 Hybrid 196 Touring Sports,2024,HEV,serie_paralel,1460,0.30,2.24,112,83,0.76,36800,109,4.8,0.41,Fișă tehnică Toyota 2024,Cd;Af
Toyota,Corolla Cross,2.0 Hybrid 197 FWD,2024,HEV,serie_paralel,1495,0.32,2.56,112,83,0.76,38500,116,5.1,0.41,Fișă tehnică Toyota 2024,Cd;Af
Toyota,Corolla Cross,2.0 Hybrid 197 AWD-i,2024,HEV,serie_paralel,1560,0.32,2.56,112,83,0.76,41500,122,5.4,0.41,Fișă tehnică Toyota 2024,Cd;Af
Toyota,C-HR,1.8 Hybrid 140,2024,HEV,serie_paralel,1425,0.30,2.31,72,70,0.76,34500,105,4.7,0.41,Fișă tehnică Toyota 2024,Cd;Af
Toyota,C-HR,2.0 Hybrid 198,2024,HEV,serie_paralel,1485,0.30,2.31,112,83,0.76,38900,107,4.8,0.41,Fișă tehnică Toyota 2024,Cd;Af
Toyota,C-HR,2.0 PHEV 223,2024,PHEV,serie_paralel,1645,0.30,2.31,112,120,13.6,43900,19,0.8,0.41,Fișă tehnică Toyota 2024,Cd;Af;co2
Toyota,RAV4,2.5 Hybrid 218 FWD,2024,HEV,serie_paralel,1620,0.32,2.60,131,88,1.06,42500,126,5.6,0.41,Fișă tehnică Toyota 2024,Cd;Af
Toyota,RAV4,2.5 Hybrid 222 AWD-i,2024,HEV,serie_paralel,1690,0.32,2.60,131,88,1.06,45500,131,5.8,0.41,Fișă tehnică Toyota 2024,Cd;Af
Toyota,RAV4,2.5 PHEV 306 AWD-i,2024,PHEV,serie_paralel,1900,0.32,2.60,136,134,18.1,52500,22,1.0,0.41,Fișă tehnică Toyota 2024,Cd;Af;co2
Toyota,Prius,2.0 PHEV 223,2024,PHEV,serie_paralel,1545,0.27,2.23,112,120,13.6,45900,16,0.7,0.41,Fișă tehnică Toyota 2024,Af;co2
Toyota,Camry,2.5 Hybrid 218,2023,HEV,serie_paralel,1595,0.28,2.36,131,88,1.06,43900,120,5.3,0.41,Fișă tehnică Toyota 2023,Cd;Af
Toyota,Highlander,2.5 Hybrid 248 AWD-i,2023,HEV,serie_paralel,2015,0.33,2.94,140,134,1.87,58500,146,6.5,0.41,Fișă tehnică Toyota 2023,Cd;Af
Toyota,Yaris GR SPORT,1.5 Hybrid 130,2024,HEV,serie_paralel,1135,0.29,2.10,74,62,0.76,29500,102,4.5,0.40,Fișă tehnică Toyota 2024,Cd;Af
Lexus,LBX,1.5 Hybrid 136 FWD,2024,HEV,serie_paralel,1280,0.31,2.25,67,69,0.76,36500,107,4.7,0.40,Fișă tehnică Lexus 2024,Cd;Af
Lexus,LBX,1.5 Hybrid 136 AWD,2024,HEV,serie_paralel,1355,0.31,2.25,67,69,0.76,39500,112,5.0,0.40,Fișă tehnică Lexus 2024,Cd;Af
Lexus,UX,250h FWD,2024,HEV,serie_paralel,1540,0.31,2.34,112,80,0.76,43900,112,5.0,0.41,Fișă tehnică Lexus 2024,Cd;Af
Lexus,UX,300h AWD,2024,HEV,serie_paralel,1620,0.31,2.34,112,83,0.76,47900,119,5.3,0.41,Fișă tehnică Lexus 2024,Cd;Af
Lexus,NX,350h AWD,2024,HEV,serie_paralel,1745,0.31,2.65,140,134,1.87,56900,129,5.7,0.41,Fișă tehnică Lexus 2024,Cd;Af
Lexus,NX,450h+ PHEV AWD,2024,PHEV,serie_paralel,1990,0.31,2.65,136,134,18.1,66900,21,0.9,0.41,Fișă tehnică Lexus 2024,Cd;Af;co2
Lexus,RX,350h AWD,2024,HEV,serie_paralel,2035,0.29,2.71,140,134,1.87,79900,140,6.2,0.41,Fișă tehnică Lexus 2024,Cd;Af
Lexus,RX,450h+ PHEV AWD,2024,PHEV,serie_paralel,2160,0.29,2.71,136,134,18.1,86900,25,1.1,0.41,Fișă tehnică Lexus 2024,Cd;Af;co2
Lexus,RX,500h AWD performance,2024,HEV,serie_paralel,2115,0.29,2.71,202,134,1.87,94900,163,7.2,0.40,Fișă tehnică Lexus 2024,Cd;Af
Lexus,ES,300h,2024,HEV,serie_paralel,1680,0.27,2.36,131,88,1.06,54900,119,5.3,0.41,Fișă tehnică Lexus 2024,Cd;Af
Lexus,IS,300h,2023,HEV,serie_paralel,1620,0.28,2.30,131,105,1.06,49900,124,5.5,0.40,Fișă tehnică Lexus 2023,Cd;Af
Lexus,LC,500h,2023,HEV,serie_paralel,1985,0.33,2.35,220,132,1.10,109900,184,8.1,0.39,Fișă tehnică Lexus 2023,Cd;Af
Lexus,LS,500h AWD,2023,HEV,serie_paralel,2270,0.26,2.46,220,132,1.10,129900,178,7.9,0.39,Fișă tehnică Lexus 2023,Cd;Af
Lexus,LM,350h AWD,2024,HEV,serie_paralel,2280,0.32,3.10,140,134,1.87,129000,158,7.0,0.41,Fișă tehnică Lexus 2024,Cd;Af
Renault,Clio,E-Tech full hybrid 145,2024,HEV,serie_paralel,1258,0.30,2.15,69,36,1.2,24500,96,4.2,0.40,Fișă tehnică Renault 2024,Cd;Af
Renault,Captur,E-Tech full hybrid 145,2024,HEV,serie_paralel,1348,0.31,2.27,69,36,1.2,28500,105,4.7,0.40,Fișă tehnică Renault 2024,Cd;Af
Renault,Arkana,E-Tech full hybrid 145,2024,HEV,serie_paralel,1435,0.29,2.33,69,36,1.2,32500,105,4.7,0.40,Fișă tehnică Renault 2024,Cd;Af
Renault,Symbioz,E-Tech full hybrid 145,2024,HEV,serie_paralel,1410,0.30,2.42,69,36,1.2,30500,108,4.8,0.40,Fișă tehnică Renault 2024,Cd;Af
Renault,Austral,E-Tech full hybrid 200,2024,HEV,serie_paralel,1517,0.30,2.56,96,50,1.7,38500,105,4.7,0.41,Fișă tehnică Renault 2024,Cd;Af
Renault,Espace,E-Tech full hybrid 200,2024,HEV,serie_paralel,1587,0.30,2.63,96,50,1.7,43500,111,4.9,0.41,Fișă tehnică Renault 2024,Cd;Af
Renault,Rafale,E-Tech full hybrid 200,2024,HEV,serie_paralel,1613,0.29,2.57,96,50,1.7,45500,112,5.0,0.41,Fișă tehnică Renault 2024,Cd;Af
Renault,Rafale,E-Tech 4x4 300 PHEV,2025,PHEV,serie_paralel,1955,0.29,2.57,110,150,22.0,55500,17,0.8,0.41,Fișă tehnică Renault 2025,Cd;Af;co2
Renault,Megane,E-Tech PHEV 160,2021,PHEV,serie_paralel,1616,0.30,2.30,68,49,9.8,36500,28,1.2,0.40,Fișă tehnică Renault 2021,Cd;Af;co2
Renault,Captur,E-Tech PHEV 160,2021,PHEV,serie_paralel,1564,0.31,2.27,68,49,9.8,34500,32,1.4,0.40,Fișă tehnică Renault 2021,Cd;Af;co2
Dacia,Bigster,Hybrid 155,2025,HEV,serie_paralel,1494,0.32,2.65,80,37,1.4,28590,110,4.9,0.41,Fișă tehnică Dacia 2025 (dacia.ro),Cd;Af
Dacia,Duster,Hybrid 140,2024,HEV,serie_paralel,1394,0.33,2.56,69,36,1.2,25500,114,5.0,0.40,Fișă tehnică Dacia 2024,Cd;Af
Dacia,Jogger,Hybrid 140,2024,HEV,serie_paralel,1394,0.32,2.50,69,36,1.2,24500,112,5.0,0.40,Fișă tehnică Dacia 2024,Cd;Af
Nissan,Qashqai,e-POWER 190,2024,HEV,serie,1665,0.32,2.55,116,140,2.1,38500,117,5.2,0.40,Fișă tehnică Nissan 2024,Cd;Af
Nissan,X-Trail,e-POWER 204 2WD,2024,HEV,serie,1795,0.32,2.66,116,150,2.1,42500,132,5.8,0.40,Fișă tehnică Nissan 2024,Cd;Af
Nissan,X-Trail,e-POWER 213 e-4ORCE,2024,HEV,serie,1910,0.32,2.66,116,157,2.1,46500,143,6.3,0.40,Fișă tehnică Nissan 2024,Cd;Af
Nissan,Juke,Hybrid 143,2024,HEV,serie_paralel,1341,0.32,2.30,69,36,1.2,29500,104,4.6,0.40,Fișă tehnică Nissan 2024,Cd;Af
Honda,Jazz,e:HEV 1.5 122,2024,HEV,serie_paralel,1252,0.30,2.22,72,90,0.80,27500,102,4.5,0.41,Fișă tehnică Honda 2024,Cd;Af
Honda,Jazz Crosstar,e:HEV 1.5 122,2024,HEV,serie_paralel,1280,0.31,2.26,72,90,0.80,29500,110,4.9,0.41,Fișă tehnică Honda 2024,Cd;Af
Honda,Civic,e:HEV 2.0 184,2024,HEV,serie_paralel,1533,0.27,2.32,105,135,1.05,38500,108,4.8,0.41,Fișă tehnică Honda 2024,Cd;Af
Honda,HR-V,e:HEV 1.5 131,2024,HEV,serie_paralel,1380,0.31,2.38,79,96,0.80,33500,122,5.4,0.41,Fișă tehnică Honda 2024,Cd;Af
Honda,ZR-V,e:HEV 2.0 184,2024,HEV,serie_paralel,1590,0.30,2.51,105,135,1.05,42500,130,5.8,0.41,Fișă tehnică Honda 2024,Cd;Af
Honda,CR-V,e:HEV 2.0 184 AWD,2024,HEV,serie_paralel,1785,0.31,2.68,109,135,1.05,52500,151,6.7,0.41,Fișă tehnică Honda 2024,Cd;Af
Honda,CR-V,e:PHEV 2.0 184,2024,PHEV,serie_paralel,1955,0.31,2.68,109,135,17.7,59500,18,0.8,0.41,Fișă tehnică Honda 2024,Cd;Af;co2
Hyundai,Kona,1.6 GDI Hybrid 141,2024,HEV,paralel,1415,0.27,2.45,77,32,1.32,30500,109,4.8,0.40,Fișă tehnică Hyundai 2024,Af
Hyundai,Tucson,1.6 T-GDI Hybrid 215 2WD,2024,HEV,paralel,1590,0.33,2.62,132,44,1.49,38500,131,5.8,0.38,Fișă tehnică Hyundai 2024,Cd;Af
Hyundai,Tucson,1.6 T-GDI Hybrid 215 4WD,2024,HEV,paralel,1670,0.33,2.62,132,44,1.49,41500,140,6.2,0.38,Fișă tehnică Hyundai 2024,Cd;Af
Hyundai,Tucson,1.6 T-GDI PHEV 253 4WD,2024,PHEV,paralel,1855,0.33,2.62,132,67,13.8,46500,31,1.4,0.38,Fișă tehnică Hyundai 2024,Cd;Af;co2
Hyundai,Santa Fe,1.6 T-GDI Hybrid 215 2WD,2024,HEV,paralel,1880,0.33,2.90,132,44,1.49,52500,142,6.3,0.38,Fișă tehnică Hyundai 2024,Cd;Af
Hyundai,Santa Fe,1.6 T-GDI PHEV 253 4WD,2024,PHEV,paralel,2085,0.33,2.90,132,67,13.8,58500,38,1.7,0.38,Fișă tehnică Hyundai 2024,Cd;Af;co2
Hyundai,Ioniq,1.6 GDI Hybrid 141,2021,HEV,paralel,1370,0.24,2.27,77,32,1.56,28500,102,4.5,0.40,Fișă tehnică Hyundai 2021,Af
Hyundai,Ioniq,1.6 GDI PHEV 141,2021,PHEV,paralel,1495,0.24,2.27,77,45,8.9,33500,26,1.1,0.40,Fișă tehnică Hyundai 2021,Af;co2
Kia,Niro,1.6 GDI Hybrid 141,2024,HEV,paralel,1474,0.29,2.50,77,32,1.32,31500,107,4.7,0.40,Fișă tehnică Kia 2024,Af
Kia,Niro,1.6 GDI PHEV 183,2024,PHEV,paralel,1594,0.29,2.50,77,62,11.1,38500,23,1.0,0.40,Fișă tehnică Kia 2024,Af;co2
Kia,Sportage,1.6 T-GDI Hybrid 215 2WD,2024,HEV,paralel,1587,0.33,2.60,132,44,1.49,37500,125,5.5,0.38,Fișă tehnică Kia 2024,Cd;Af
Kia,Sportage,1.6 T-GDI Hybrid 215 4WD,2024,HEV,paralel,1663,0.33,2.60,132,44,1.49,40500,136,6.0,0.38,Fișă tehnică Kia 2024,Cd;Af
Kia,Sportage,1.6 T-GDI PHEV 265 4WD,2024,PHEV,paralel,1905,0.33,2.60,132,67,13.8,45500,34,1.5,0.38,Fișă tehnică Kia 2024,Cd;Af;co2
Kia,Sorento,1.6 T-GDI Hybrid 215 2WD,2024,HEV,paralel,1929,0.33,2.85,132,44,1.49,49500,149,6.6,0.38,Fișă tehnică Kia 2024,Cd;Af
Kia,Sorento,1.6 T-GDI PHEV 253 4WD,2024,PHEV,paralel,2099,0.33,2.85,132,67,13.8,55500,36,1.6,0.38,Fișă tehnică Kia 2024,Cd;Af;co2
Kia,XCeed,1.6 GDI PHEV 141,2023,PHEV,paralel,1591,0.30,2.39,77,45,8.9,34500,29,1.3,0.40,Fișă tehnică Kia 2023,Cd;Af;co2
Kia,Ceed SW,1.6 GDI PHEV 141,2023,PHEV,paralel,1579,0.29,2.36,77,45,8.9,33500,28,1.2,0.40,Fișă tehnică Kia 2023,Cd;Af;co2
Ford,Kuga,2.5 FHEV 183 FWD,2024,HEV,serie_paralel,1701,0.33,2.60,112,97,1.10,39500,130,5.7,0.40,Fișă tehnică Ford 2024,Cd;Af
Ford,Kuga,2.5 FHEV 183 AWD,2024,HEV,serie_paralel,1786,0.33,2.60,112,97,1.10,42500,140,6.2,0.40,Fișă tehnică Ford 2024,Cd;Af
Ford,Kuga,2.5 PHEV 243,2024,PHEV,serie_paralel,1859,0.33,2.60,112,97,14.4,44500,25,1.1,0.40,Fișă tehnică Ford 2024,Cd;Af;co2
Ford,Explorer,3.0 PHEV 457 AWD,2022,PHEV,paralel,2466,0.34,3.10,267,75,13.6,79500,71,3.1,0.36,Fișă tehnică Ford 2022,Cd;Af;co2
Ford,Puma,1.0 EcoBoost mHEV 125,2024,MHEV,paralel,1280,0.32,2.30,92,12,0.42,25500,124,5.5,0.37,Fișă tehnică Ford 2024,Cd;Af
Ford,Focus,1.0 EcoBoost mHEV 155,2024,MHEV,paralel,1341,0.28,2.30,114,12,0.42,29500,122,5.4,0.37,Fișă tehnică Ford 2024,Cd;Af
VW,Golf,1.5 eHybrid 204,2024,PHEV,paralel,1620,0.28,2.21,110,85,19.7,39500,10,0.4,0.38,Fișă tehnică VW 2024,Cd;Af;co2
VW,Golf,GTE 1.5 272,2024,PHEV,paralel,1650,0.28,2.21,130,85,19.7,45500,11,0.5,0.38,Fișă tehnică VW 2024,Cd;Af;co2
VW,Passat,1.5 eHybrid 204,2024,PHEV,paralel,1780,0.25,2.31,110,85,19.7,49500,11,0.5,0.38,Fișă tehnică VW 2024,Cd;Af;co2
VW,Passat,1.5 eHybrid 272,2024,PHEV,paralel,1795,0.25,2.31,130,85,19.7,54500,12,0.5,0.38,Fișă tehnică VW 2024,Cd;Af;co2
VW,Tiguan,1.5 eHybrid 204,2024,PHEV,paralel,1810,0.28,2.60,110,85,19.7,47500,12,0.5,0.38,Fișă tehnică VW 2024,Cd;Af;co2
VW,Tiguan,1.5 eHybrid 272,2024,PHEV,paralel,1830,0.28,2.60,130,85,19.7,52500,13,0.6,0.38,Fișă tehnică VW 2024,Cd;Af;co2
VW,Touareg,3.0 eHybrid 381 4MOTION,2024,PHEV,paralel,2405,0.32,2.91,250,100,17.9,79500,66,2.9,0.36,Fișă tehnică VW 2024,Cd;Af;co2
VW,Touareg,3.0 R eHybrid 462 4MOTION,2024,PHEV,paralel,2465,0.32,2.91,250,100,17.9,94500,71,3.1,0.36,Fișă tehnică VW 2024,Cd;Af;co2
VW,Arteon,1.4 eHybrid 218,2023,PHEV,paralel,1734,0.27,2.26,115,85,10.9,49500,26,1.1,0.37,Fișă tehnică VW 2023,Cd;Af;co2
VW,Multivan,1.4 eHybrid 218,2024,PHEV,paralel,2114,0.30,3.20,110,85,10.9,59500,42,1.9,0.37,Fișă tehnică VW 2024,Cd;Af;co2
Skoda,Octavia,1.4 iV PHEV 204,2023,PHEV,paralel,1636,0.26,2.30,110,85,10.9,38500,23,1.0,0.37,Fișă tehnică Skoda 2023,Cd;Af;co2
Skoda,Superb,1.5 iV PHEV 204,2024,PHEV,paralel,1785,0.25,2.36,110,85,19.7,46500,11,0.5,0.38,Fișă tehnică Skoda 2024,Cd;Af;co2
Skoda,Kodiaq,1.5 iV PHEV 204,2024,PHEV,paralel,1889,0.28,2.71,110,85,19.7,48500,13,0.6,0.38,Fișă tehnică Skoda 2024,Cd;Af;co2
Seat,Leon,1.5 e-Hybrid 204,2024,PHEV,paralel,1614,0.28,2.21,110,85,19.7,38500,11,0.5,0.38,Fișă tehnică Seat 2024,Cd;Af;co2
Cupra,Leon,1.5 e-Hybrid 272 VZ,2024,PHEV,paralel,1656,0.28,2.21,130,85,19.7,46500,12,0.5,0.38,Fișă tehnică Cupra 2024,Cd;Af;co2
Cupra,Formentor,1.5 e-Hybrid 272 VZ,2024,PHEV,paralel,1709,0.30,2.42,130,85,19.7,49500,14,0.6,0.38,Fișă tehnică Cupra 2024,Cd;Af;co2
Cupra,Terramar,1.5 e-Hybrid 272 VZ,2025,PHEV,paralel,1856,0.30,2.58,130,85,19.7,52500,15,0.7,0.38,Fișă tehnică Cupra 2025,Cd;Af;co2
Audi,A3,40 TFSI e 204,2024,PHEV,paralel,1610,0.28,2.24,110,85,19.7,42500,11,0.5,0.38,Fișă tehnică Audi 2024,Cd;Af;co2
Audi,A3,45 TFSI e 272,2024,PHEV,paralel,1640,0.28,2.24,130,85,19.7,48500,12,0.5,0.38,Fișă tehnică Audi 2024,Cd;Af;co2
Audi,Q3,45 TFSI e 245,2023,PHEV,paralel,1785,0.32,2.53,110,85,10.9,49500,32,1.4,0.37,Fișă tehnică Audi 2023,Cd;Af;co2
Audi,A5,e-hybrid quattro 299,2025,PHEV,paralel,1985,0.27,2.31,185,105,20.7,62500,15,0.7,0.37,Fișă tehnică Audi 2025,Cd;Af;co2
Audi,Q5,e-hybrid quattro 299,2025,PHEV,paralel,2145,0.30,2.63,185,105,20.7,66500,19,0.9,0.37,Fișă tehnică Audi 2025,Cd;Af;co2
Audi,A6,50 TFSI e quattro 299,2023,PHEV,paralel,2085,0.27,2.35,185,105,14.4,68500,32,1.4,0.37,Fișă tehnică Audi 2023,Cd;Af;co2
Audi,A7,55 TFSI e quattro 367,2023,PHEV,paralel,2140,0.27,2.34,185,105,14.4,79500,34,1.5,0.37,Fișă tehnică Audi 2023,Cd;Af;co2
Audi,Q7,55 TFSI e quattro 394,2024,PHEV,paralel,2495,0.32,2.87,250,100,22.0,89500,53,2.3,0.36,Fișă tehnică Audi 2024,Cd;Af;co2
Audi,Q8,55 TFSI e quattro 394,2024,PHEV,paralel,2505,0.34,2.84,250,100,22.0,99500,58,2.6,0.36,Fișă tehnică Audi 2024,Cd;Af;co2
Audi,A8,60 TFSI e quattro 462,2023,PHEV,paralel,2385,0.26,2.41,250,100,14.4,119500,42,1.9,0.36,Fișă tehnică Audi 2023,Cd;Af;co2
BMW,Seria 2 Active Tourer,225e xDrive,2024,PHEV,paralel,1845,0.26,2.45,110,80,14.9,48500,17,0.8,0.38,Fișă tehnică BMW 2024,Cd;Af;co2
BMW,Seria 2 Active Tourer,230e xDrive,2024,PHEV,paralel,1865,0.26,2.45,130,130,14.9,53500,18,0.8,0.38,Fișă tehnică BMW 2024,Cd;Af;co2
BMW,Seria 3,320e,2024,PHEV,paralel,1815,0.26,2.24,120,80,10.7,49500,29,1.3,0.38,Fișă tehnică BMW 2024,Cd;Af;co2
BMW,Seria 3,330e,2024,PHEV,paralel,1845,0.26,2.24,135,80,17.1,55500,19,0.9,0.38,Fișă tehnică BMW 2024,Cd;Af;co2
BMW,Seria 3,330e xDrive Touring,2024,PHEV,paralel,1975,0.27,2.28,135,80,17.1,60500,24,1.1,0.38,Fișă tehnică BMW 2024,Cd;Af;co2
BMW,Seria 5,530e,2024,PHEV,paralel,2065,0.25,2.35,140,135,18.7,63500,17,0.8,0.38,Fișă tehnică BMW 2024,Cd;Af;co2
BMW,Seria 5,550e xDrive,2024,PHEV,paralel,2265,0.25,2.35,230,145,18.7,84500,21,0.9,0.36,Fișă tehnică BMW 2024,Cd;Af;co2
BMW,X1,25e xDrive,2024,PHEV,paralel,1895,0.27,2.56,100,130,14.2,49500,21,0.9,0.38,Fișă tehnică BMW 2024,Cd;Af;co2
BMW,X1,30e xDrive,2024,PHEV,paralel,1915,0.27,2.56,110,130,14.2,53500,22,1.0,0.38,Fișă tehnică BMW 2024,Cd;Af;co2
BMW,X3,30e xDrive,2025,PHEV,paralel,2075,0.27,2.66,140,135,19.7,63500,25,1.1,0.38,Fișă tehnică BMW 2025,Cd;Af;co2
BMW,X5,50e xDrive,2024,PHEV,paralel,2495,0.31,2.87,230,145,25.7,89500,29,1.3,0.36,Fișă tehnică BMW 2024,Cd;Af;co2
BMW,Seria 7,750e xDrive,2024,PHEV,paralel,2565,0.24,2.60,230,145,18.7,129500,29,1.3,0.36,Fișă tehnică BMW 2024,Cd;Af;co2
Mercedes-Benz,Clasa A,A250e,2023,PHEV,paralel,1680,0.25,2.19,120,80,15.6,43500,17,0.8,0.38,Fișă tehnică Mercedes 2023,Cd;Af;co2
Mercedes-Benz,Clasa B,B250e,2023,PHEV,paralel,1735,0.26,2.32,120,80,15.6,45500,20,0.9,0.38,Fișă tehnică Mercedes 2023,Cd;Af;co2
Mercedes-Benz,CLA,250e Coupé,2023,PHEV,paralel,1705,0.23,2.17,120,80,15.6,47500,16,0.7,0.38,Fișă tehnică Mercedes 2023,Cd;Af;co2
Mercedes-Benz,Clasa C,C300e,2024,PHEV,paralel,2065,0.24,2.29,150,95,25.4,61500,14,0.6,0.38,Fișă tehnică Mercedes 2024,Cd;Af;co2
Mercedes-Benz,Clasa C,C300de,2024,PHEV,paralel,2135,0.24,2.29,145,95,25.4,63500,13,0.5,0.42,Fișă tehnică Mercedes 2024 (diesel),Cd;Af;co2
Mercedes-Benz,Clasa E,E300e,2024,PHEV,paralel,2185,0.23,2.35,150,95,25.4,71500,14,0.6,0.38,Fișă tehnică Mercedes 2024,Cd;Af;co2
Mercedes-Benz,Clasa E,E300de 4MATIC,2024,PHEV,paralel,2285,0.23,2.35,145,95,25.4,76500,15,0.6,0.42,Fișă tehnică Mercedes 2024 (diesel),Cd;Af;co2
Mercedes-Benz,GLA,250e,2023,PHEV,paralel,1775,0.28,2.47,120,80,15.6,49500,22,1.0,0.38,Fișă tehnică Mercedes 2023,Cd;Af;co2
Mercedes-Benz,GLB,250e,2023,PHEV,paralel,1850,0.30,2.56,120,80,15.6,52500,25,1.1,0.38,Fișă tehnică Mercedes 2023,Cd;Af;co2
Mercedes-Benz,GLC,300e 4MATIC,2024,PHEV,paralel,2245,0.29,2.56,150,100,31.2,69500,15,0.7,0.38,Fișă tehnică Mercedes 2024,Cd;Af;co2
Mercedes-Benz,GLE,400e 4MATIC,2024,PHEV,paralel,2565,0.29,2.86,185,100,31.2,89500,23,1.0,0.37,Fișă tehnică Mercedes 2024,Cd;Af;co2
Mercedes-Benz,Clasa S,S580e,2024,PHEV,paralel,2475,0.22,2.50,270,110,28.6,139500,21,0.9,0.36,Fișă tehnică Mercedes 2024,Cd;Af;co2
Volvo,XC60,T6 AWD Recharge 350,2024,PHEV,paralel,2135,0.32,2.71,186,107,18.8,68500,22,1.0,0.37,Fișă tehnică Volvo 2024,Cd;Af;co2
Volvo,XC60,T8 AWD Recharge 455,2024,PHEV,paralel,2165,0.32,2.71,228,107,18.8,79500,24,1.1,0.37,Fișă tehnică Volvo 2024,Cd;Af;co2
Volvo,XC90,T8 AWD Recharge 455,2024,PHEV,paralel,2375,0.33,2.88,228,107,18.8,89500,29,1.3,0.37,Fișă tehnică Volvo 2024,Cd;Af;co2
Volvo,S60,T8 AWD Recharge 455,2023,PHEV,paralel,2015,0.27,2.32,228,107,18.8,64500,20,0.9,0.37,Fișă tehnică Volvo 2023,Cd;Af;co2
Volvo,V60,T6 AWD Recharge 350,2023,PHEV,paralel,2065,0.28,2.35,186,107,18.8,62500,20,0.9,0.37,Fișă tehnică Volvo 2023,Cd;Af;co2
Volvo,S90,T8 AWD Recharge 455,2023,PHEV,paralel,2145,0.26,2.42,228,107,18.8,79500,21,0.9,0.37,Fișă tehnică Volvo 2023,Cd;Af;co2
Peugeot,308,Hybrid 136 e-DCS6,2024,MHEV,paralel,1378,0.28,2.25,100,21,0.89,32500,114,5.0,0.38,Fișă tehnică Peugeot 2024,Cd;Af
Peugeot,308,Hybrid 180 e-EAT8 PHEV,2023,PHEV,paralel,1683,0.28,2.25,110,81,12.4,42500,26,1.1,0.38,Fișă tehnică Peugeot 2023,Cd;Af;co2
Peugeot,308,Hybrid 225 e-EAT8 PHEV,2023,PHEV,paralel,1698,0.28,2.25,133,81,12.4,46500,27,1.2,0.38,Fișă tehnică Peugeot 2023,Cd;Af;co2
Peugeot,408,Hybrid 225 e-EAT8 PHEV,2024,PHEV,paralel,1744,0.28,2.30,133,81,12.4,47500,27,1.2,0.38,Fișă tehnică Peugeot 2024,Cd;Af;co2
Peugeot,3008,Hybrid 136 e-DCS6,2024,MHEV,paralel,1595,0.28,2.62,100,21,0.89,39500,122,5.4,0.38,Fișă tehnică Peugeot 2024,Cd;Af
Peugeot,3008,Hybrid4 300 PHEV (gen2),2021,PHEV,paralel,1875,0.32,2.58,147,83,13.2,52500,29,1.3,0.37,Fișă tehnică Peugeot 2021,Cd;Af;co2
Peugeot,508,Hybrid 225 e-EAT8 PHEV,2023,PHEV,paralel,1730,0.26,2.25,133,81,12.4,49500,25,1.1,0.38,Fișă tehnică Peugeot 2023,Cd;Af;co2
Peugeot,508,PSE Hybrid4 360 PHEV,2023,PHEV,paralel,1875,0.26,2.25,147,83,11.5,66500,36,1.6,0.37,Fișă tehnică Peugeot 2023,Cd;Af;co2
Citroen,C5 Aircross,Hybrid 136 e-DCS6,2024,MHEV,paralel,1580,0.31,2.62,100,21,0.89,36500,124,5.5,0.38,Fișă tehnică Citroën 2024,Cd;Af
Citroen,C5 Aircross,Hybrid 225 e-EAT8 PHEV,2023,PHEV,paralel,1819,0.31,2.62,133,81,13.2,44500,32,1.4,0.38,Fișă tehnică Citroën 2023,Cd;Af;co2
Citroen,C5 X,Hybrid 225 e-EAT8 PHEV,2023,PHEV,paralel,1789,0.29,2.48,133,81,12.4,46500,30,1.3,0.38,Fișă tehnică Citroën 2023,Cd;Af;co2
DS,DS4,E-Tense 225 PHEV,2024,PHEV,paralel,1723,0.28,2.34,133,81,12.4,45500,26,1.1,0.38,Fișă tehnică DS 2024,Cd;Af;co2
DS,DS7,E-Tense 300 4x4 PHEV,2024,PHEV,paralel,1885,0.32,2.60,147,83,14.2,59500,33,1.5,0.37,Fișă tehnică DS 2024,Cd;Af;co2
DS,DS9,E-Tense 250 PHEV,2023,PHEV,paralel,1815,0.26,2.29,147,81,15.6,56500,26,1.1,0.38,Fișă tehnică DS 2023,Cd;Af;co2
Opel,Astra,Plug-in Hybrid 180,2024,PHEV,paralel,1678,0.27,2.26,110,81,12.4,39500,25,1.1,0.38,Fișă tehnică Opel 2024,Cd;Af;co2
Opel,Astra,Hybrid 136 e-DCS6,2024,MHEV,paralel,1373,0.27,2.26,100,21,0.89,31500,116,5.1,0.38,Fișă tehnică Opel 2024,Cd;Af
Opel,Grandland,Plug-in Hybrid 225,2023,PHEV,paralel,1815,0.32,2.60,133,81,13.2,45500,31,1.4,0.38,Fișă tehnică Opel 2023,Cd;Af;co2
Opel,Grandland,Hybrid 136 e-DCS6,2025,MHEV,paralel,1618,0.29,2.65,100,21,0.89,38500,123,5.4,0.38,Fișă tehnică Opel 2025,Cd;Af
Jeep,Renegade,4xe 190 PHEV,2023,PHEV,paralel,1770,0.36,2.52,96,44,11.4,41500,49,2.2,0.37,Fișă tehnică Jeep 2023,Cd;Af;co2
Jeep,Compass,4xe 240 PHEV,2023,PHEV,paralel,1860,0.34,2.58,132,44,11.4,47500,47,2.1,0.37,Fișă tehnică Jeep 2023,Cd;Af;co2
Jeep,Wrangler,4xe 380 PHEV,2024,PHEV,paralel,2415,0.45,3.20,200,107,17.3,79500,79,3.5,0.36,Fișă tehnică Jeep 2024,Cd;Af;co2
Jeep,Avenger,e-Hybrid 100,2024,MHEV,paralel,1280,0.33,2.42,74,21,0.89,26500,115,5.1,0.38,Fișă tehnică Jeep 2024,Cd;Af
Fiat,600,Hybrid 100,2024,MHEV,paralel,1250,0.33,2.40,74,21,0.89,25500,112,5.0,0.38,Fișă tehnică Fiat 2024,Cd;Af
Fiat,500,1.0 Hybrid 70,2024,MHEV,paralel,1055,0.32,2.05,51,4,0.11,18500,110,4.9,0.36,Fișă tehnică Fiat 2024,Cd;Af
Fiat,Panda,1.0 Hybrid 70,2024,MHEV,paralel,1015,0.36,2.10,51,4,0.11,16500,113,5.0,0.36,Fișă tehnică Fiat 2024,Cd;Af
Alfa Romeo,Tonale,Hybrid 160 VGT,2024,MHEV,paralel,1495,0.32,2.53,118,15,0.77,42500,130,5.7,0.38,Fișă tehnică Alfa Romeo 2024,Cd;Af
Alfa Romeo,Tonale,Plug-In Hybrid Q4 280,2024,PHEV,paralel,1835,0.32,2.53,132,90,15.5,54500,29,1.3,0.38,Fișă tehnică Alfa Romeo 2024,Cd;Af;co2
Mazda,2 Hybrid,1.5 116,2024,HEV,serie_paralel,1130,0.29,2.10,68,59,0.76,25500,98,4.3,0.40,Fișă tehnică Mazda 2024 (bază Toyota),Cd;Af
Mazda,CX-60,2.5 e-Skyactiv PHEV 327,2024,PHEV,paralel,2055,0.30,2.75,141,129,17.8,56500,33,1.5,0.39,Fișă tehnică Mazda 2024,Cd;Af;co2
Mazda,MX-30,e-Skyactiv R-EV 170,2024,PHEV,serie,1778,0.31,2.45,55,125,17.8,38500,21,1.0,0.37,Fișă tehnică Mazda 2024 (REx rotativ),Cd;Af;co2
Suzuki,Swace,1.8 Hybrid 140,2024,HEV,serie_paralel,1400,0.30,2.24,72,70,0.76,31500,103,4.5,0.41,Fișă tehnică Suzuki 2024 (bază Toyota),Cd;Af
Suzuki,Across,2.5 PHEV 306 AWD,2024,PHEV,serie_paralel,1940,0.32,2.60,136,134,18.1,57500,22,1.0,0.41,Fișă tehnică Suzuki 2024 (bază Toyota),Cd;Af;co2
Suzuki,Vitara,1.5 Full Hybrid 116 AGS,2024,HEV,paralel,1295,0.32,2.38,75,24,0.84,28500,121,5.3,0.38,Fișă tehnică Suzuki 2024,Cd;Af
Suzuki,S-Cross,1.5 Full Hybrid 116 AGS,2024,HEV,paralel,1315,0.32,2.42,75,24,0.84,29500,118,5.2,0.38,Fișă tehnică Suzuki 2024,Cd;Af
Suzuki,Swift,1.2 mild Hybrid 83,2024,MHEV,paralel,984,0.30,2.05,61,2,0.10,19500,99,4.4,0.38,Fișă tehnică Suzuki 2024,Cd;Af
Land Rover,Range Rover Evoque,P300e PHEV,2024,PHEV,paralel,2085,0.32,2.63,147,80,14.9,62500,32,1.4,0.37,Fișă tehnică Land Rover 2024,Cd;Af;co2
Land Rover,Discovery Sport,P300e PHEV,2024,PHEV,paralel,2168,0.34,2.75,147,80,14.9,64500,36,1.6,0.37,Fișă tehnică Land Rover 2024,Cd;Af;co2
Land Rover,Range Rover Sport,P460e PHEV,2024,PHEV,paralel,2735,0.29,2.98,294,105,38.2,119500,18,0.8,0.36,Fișă tehnică Land Rover 2024,Cd;Af;co2
Land Rover,Range Rover,P460e PHEV,2024,PHEV,paralel,2810,0.30,3.02,294,105,38.2,139500,19,0.8,0.36,Fișă tehnică Land Rover 2024,Cd;Af;co2
Land Rover,Defender,110 P400e PHEV,2024,PHEV,paralel,2650,0.38,3.30,221,105,19.2,89500,74,3.3,0.36,Fișă tehnică Land Rover 2024,Cd;Af;co2
Porsche,Cayenne,E-Hybrid 470,2024,PHEV,paralel,2475,0.33,2.88,224,130,25.9,105500,32,1.4,0.36,Fișă tehnică Porsche 2024,Cd;Af;co2
Porsche,Cayenne,S E-Hybrid 519,2024,PHEV,paralel,2495,0.33,2.88,260,130,25.9,125500,33,1.5,0.36,Fișă tehnică Porsche 2024,Cd;Af;co2
Porsche,Panamera,4 E-Hybrid 470,2024,PHEV,paralel,2355,0.28,2.35,224,140,25.9,125500,25,1.1,0.36,Fișă tehnică Porsche 2024,Cd;Af;co2
Porsche,Panamera,4S E-Hybrid 544,2024,PHEV,paralel,2375,0.28,2.35,260,140,25.9,145500,27,1.2,0.36,Fișă tehnică Porsche 2024,Cd;Af;co2
MG,MG3,Hybrid+ 195,2024,HEV,serie_paralel,1298,0.31,2.20,75,100,1.83,21500,100,4.4,0.41,Fișă tehnică MG 2024,Cd;Af
MG,ZS,Hybrid+ 196,2025,HEV,serie_paralel,1420,0.32,2.45,75,100,1.83,25500,115,5.1,0.41,Fișă tehnică MG 2025,Cd;Af
MG,HS,PHEV 272,2025,PHEV,paralel,1885,0.32,2.62,105,135,21.4,38500,17,0.8,0.38,Fișă tehnică MG 2025,Cd;Af;co2
BYD,Seal U,DM-i 218 Boost,2024,PHEV,serie_paralel,1940,0.32,2.68,72,145,18.3,38500,26,1.1,0.43,Fișă tehnică BYD 2024,Cd;Af;co2
BYD,Seal U,DM-i 218 Comfort,2024,PHEV,serie_paralel,2010,0.32,2.68,72,145,26.6,42500,22,1.0,0.43,Fișă tehnică BYD 2024,Cd;Af;co2
BYD,Seal,U DM-i AWD 324,2025,PHEV,serie_paralel,2110,0.32,2.68,96,150,18.3,46500,33,1.5,0.43,Fișă tehnică BYD 2025,Cd;Af;co2
Mitsubishi,Outlander,PHEV 2.4 302 4WD,2025,PHEV,serie_paralel,2145,0.33,2.78,100,150,22.7,54500,23,1.0,0.40,Fișă tehnică Mitsubishi 2025,Cd;Af;co2
Mitsubishi,Eclipse Cross,PHEV 2.4 188 4WD,2023,PHEV,serie_paralel,1990,0.35,2.68,72,120,13.8,42500,46,2.0,0.39,Fișă tehnică Mitsubishi 2023,Cd;Af;co2
Mitsubishi,ASX,1.6 HEV 143,2024,HEV,serie_paralel,1354,0.31,2.27,69,36,1.2,28500,107,4.7,0.40,Fișă tehnică Mitsubishi 2024 (bază Renault),Cd;Af
Mitsubishi,Colt,1.6 HEV 143,2024,HEV,serie_paralel,1268,0.30,2.15,69,36,1.2,24500,100,4.4,0.40,Fișă tehnică Mitsubishi 2024 (bază Renault),Cd;Af
Toyota,Yaris Cross,1.5 Hybrid GR SPORT 130,2024,HEV,serie_paralel,1190,0.31,2.25,74,62,0.76,32500,107,4.7,0.40,Fișă tehnică Toyota 2024,Cd;Af
Toyota,Corolla,1.8 Hybrid 140 Sedan,2024,HEV,serie_paralel,1370,0.27,2.20,72,70,0.76,32000,102,4.5,0.41,Fișă tehnică Toyota 2024,Cd;Af
Toyota,Crown,2.5 Hybrid 234 AWD,2024,HEV,serie_paralel,1770,0.30,2.55,137,88,1.06,59500,133,5.9,0.41,Fișă tehnică Toyota 2024,Cd;Af
Lexus,NX,350h FWD,2024,HEV,serie_paralel,1685,0.31,2.65,140,134,1.87,53900,124,5.5,0.41,Fișă tehnică Lexus 2024,Cd;Af
Lexus,UX,300h FWD,2024,HEV,serie_paralel,1560,0.31,2.34,112,83,0.76,45900,110,4.9,0.41,Fișă tehnică Lexus 2024,Cd;Af
Renault,Clio,E-Tech full hybrid 160,2026,HEV,serie_paralel,1290,0.30,2.15,80,36,1.4,26500,95,4.2,0.41,Fișă tehnică Renault 2026,Cd;Af
Renault,Captur,E-Tech full hybrid 160,2026,HEV,serie_paralel,1380,0.31,2.27,80,36,1.4,30500,103,4.6,0.41,Fișă tehnică Renault 2026,Cd;Af
Dacia,Duster,Hybrid-G 150 4x4,2026,HEV,paralel,1444,0.33,2.56,103,26,0.84,27500,118,5.2,0.39,Fișă tehnică Dacia 2026 (mild-hybrid G),Cd;Af
Hyundai,Kona,1.6 GDI Hybrid 129,2022,HEV,paralel,1385,0.29,2.42,77,32,1.56,27500,112,4.9,0.40,Fișă tehnică Hyundai 2022,Cd;Af
Hyundai,Bayon,1.0 T-GDI 48V mHEV 100,2024,MHEV,paralel,1160,0.30,2.35,74,10,0.44,23500,109,4.8,0.38,Fișă tehnică Hyundai 2024,Cd;Af
Hyundai,i20,1.0 T-GDI 48V mHEV 100,2024,MHEV,paralel,1105,0.29,2.20,74,10,0.44,21500,107,4.7,0.38,Fișă tehnică Hyundai 2024,Cd;Af
Kia,Picanto,1.0 DPi 63 (referință MAI),2024,MHEV,paralel,955,0.32,2.06,46,2,0.06,15500,109,4.8,0.36,Fișă tehnică Kia 2024,Cd;Af
Kia,Stonic,1.0 T-GDI 48V mHEV 100,2024,MHEV,paralel,1180,0.31,2.32,74,10,0.44,22500,112,4.9,0.38,Fișă tehnică Kia 2024,Cd;Af
Honda,CR-V,e:HEV 2.0 184 FWD,2024,HEV,serie_paralel,1725,0.31,2.68,109,135,1.05,49500,143,6.3,0.41,Fișă tehnică Honda 2024,Cd;Af
Nissan,Juke,Hybrid 143 N-Sport,2024,HEV,serie_paralel,1355,0.32,2.30,69,36,1.2,31500,105,4.6,0.40,Fișă tehnică Nissan 2024,Cd;Af
Ford,Galaxy,2.5 FHEV 190,2022,HEV,serie_paralel,1911,0.31,2.85,112,97,1.10,48500,148,6.5,0.40,Fișă tehnică Ford 2022,Cd;Af
Ford,S-MAX,2.5 FHEV 190,2022,HEV,serie_paralel,1886,0.30,2.80,112,97,1.10,47500,146,6.4,0.40,Fișă tehnică Ford 2022,Cd;Af
Ford,Tourneo Custom,2.5 PHEV 233,2024,PHEV,serie_paralel,2415,0.35,3.60,112,131,11.8,59500,64,2.8,0.40,Fișă tehnică Ford 2024,Cd;Af;co2
VW,Golf Variant,1.5 eHybrid 204,2024,PHEV,paralel,1655,0.29,2.24,110,85,19.7,41500,12,0.5,0.38,Fișă tehnică VW 2024,Cd;Af;co2
Skoda,Octavia Combi,1.4 iV PHEV 204,2023,PHEV,paralel,1661,0.27,2.32,110,85,10.9,39500,24,1.1,0.37,Fișă tehnică Skoda 2023,Cd;Af;co2
Audi,Q5 Sportback,e-hybrid quattro 299,2025,PHEV,paralel,2155,0.29,2.61,185,105,20.7,69500,19,0.9,0.37,Fișă tehnică Audi 2025,Cd;Af;co2
BMW,X2,25e xDrive,2024,PHEV,paralel,1925,0.27,2.52,100,130,14.2,52500,23,1.0,0.38,Fișă tehnică BMW 2024,Cd;Af;co2
BMW,Seria 5 Touring,530e,2024,PHEV,paralel,2135,0.26,2.38,140,135,18.7,66500,19,0.9,0.38,Fișă tehnică BMW 2024,Cd;Af;co2
Mercedes-Benz,GLC Coupé,300e 4MATIC,2024,PHEV,paralel,2265,0.28,2.53,150,100,31.2,73500,15,0.7,0.38,Fișă tehnică Mercedes 2024,Cd;Af;co2
Mercedes-Benz,Clasa E All-Terrain,E300de 4MATIC,2024,PHEV,paralel,2325,0.25,2.42,145,95,25.4,79500,17,0.7,0.42,Fișă tehnică Mercedes 2024 (diesel),Cd;Af;co2
Volvo,V90,T6 AWD Recharge 350,2023,PHEV,paralel,2115,0.27,2.44,186,107,18.8,72500,21,0.9,0.37,Fișă tehnică Volvo 2023,Cd;Af;co2
Peugeot,5008,Hybrid 136 e-DCS6,2025,MHEV,paralel,1680,0.30,2.72,100,21,0.89,42500,126,5.6,0.38,Fișă tehnică Peugeot 2025,Cd;Af
Peugeot,208,Hybrid 100 e-DCS6,2024,MHEV,paralel,1219,0.29,2.19,74,21,0.89,24500,107,4.7,0.38,Fișă tehnică Peugeot 2024,Cd;Af
Peugeot,2008,Hybrid 136 e-DCS6,2024,MHEV,paralel,1352,0.30,2.39,100,21,0.89,29500,115,5.1,0.38,Fișă tehnică Peugeot 2024,Cd;Af
Citroen,C3,Hybrid 100 e-DCS6,2025,MHEV,paralel,1235,0.31,2.32,74,21,0.89,21500,110,4.9,0.38,Fișă tehnică Citroën 2025,Cd;Af
Citroen,C4,Hybrid 136 e-DCS6,2024,MHEV,paralel,1381,0.29,2.40,100,21,0.89,29500,113,5.0,0.38,Fișă tehnică Citroën 2024,Cd;Af
Opel,Corsa,Hybrid 100 e-DCS6,2024,MHEV,paralel,1213,0.29,2.15,74,21,0.89,23500,106,4.7,0.38,Fișă tehnică Opel 2024,Cd;Af
Opel,Mokka,Hybrid 136 e-DCS6,2024,MHEV,paralel,1339,0.32,2.36,100,21,0.89,28500,114,5.0,0.38,Fișă tehnică Opel 2024,Cd;Af
Fiat,Tipo,1.5 Hybrid 130,2023,MHEV,paralel,1345,0.32,2.34,96,15,0.77,25500,124,5.5,0.38,Fișă tehnică Fiat 2023,Cd;Af
Fiat,500X,1.5 Hybrid 130,2023,MHEV,paralel,1420,0.34,2.46,96,15,0.77,28500,133,5.9,0.38,Fișă tehnică Fiat 2023,Cd;Af
Alfa Romeo,Junior,Ibrida 136 e-DCS6,2025,MHEV,paralel,1385,0.31,2.42,100,21,0.89,32500,116,5.1,0.38,Fișă tehnică Alfa Romeo 2025,Cd;Af
Jeep,Avenger,e-Hybrid 145 4xe,2025,MHEV,paralel,1420,0.33,2.42,107,21,0.89,31500,127,5.6,0.38,Fișă tehnică Jeep 2025,Cd;Af
Mazda,3,e-Skyactiv X 186 mHEV,2024,MHEV,paralel,1408,0.27,2.30,137,5,0.22,32500,124,5.5,0.42,Fișă tehnică Mazda 2024 (SPCCI),Cd;Af
Mazda,CX-30,e-Skyactiv X 186 mHEV,2024,MHEV,paralel,1465,0.30,2.45,137,5,0.22,34500,131,5.8,0.42,Fișă tehnică Mazda 2024 (SPCCI),Cd;Af
Toyota,Land Cruiser,2.8 D mHEV 205,2025,MHEV,paralel,2330,0.38,3.24,150,12,0.42,74500,238,9.1,0.42,Fișă tehnică Toyota 2025 (diesel 48V),Cd;Af
Toyota,Hilux,2.8 D mHEV 204,2024,MHEV,paralel,2210,0.39,3.35,150,12,0.42,49500,244,9.3,0.42,Fișă tehnică Toyota 2024 (diesel 48V),Cd;Af
Lexus,LBX,Morizo RR 305,2025,HEV,serie_paralel,1450,0.31,2.25,206,59,0.76,62500,135,6.0,0.39,Fișă tehnică Lexus 2025,Cd;Af
Renault,Kangoo,E-Tech full hybrid 160,2026,HEV,serie_paralel,1610,0.34,3.10,80,36,1.4,32500,128,5.7,0.41,Fișă tehnică Renault 2026,Cd;Af
Nissan,Qashqai,mHEV 1.3 DIG-T 158,2024,MHEV,paralel,1465,0.32,2.55,116,5,0.26,33500,144,6.4,0.38,Fișă tehnică Nissan 2024,Cd;Af
Suzuki,Ignis,1.2 mild Hybrid 83 4x4,2024,MHEV,paralel,935,0.34,2.12,61,2,0.10,20500,113,5.0,0.38,Fișă tehnică Suzuki 2024,Cd;Af
Honda,HR-V,e:HEV 1.5 131 Advance,2024,HEV,serie_paralel,1395,0.31,2.38,79,96,0.80,35500,124,5.5,0.41,Fișă tehnică Honda 2024,Cd;Af
Kia,Sportage,1.6 T-GDI mHEV 180 DCT,2024,MHEV,paralel,1540,0.33,2.60,132,10,0.44,34500,152,6.7,0.38,Fișă tehnică Kia 2024,Cd;Af
Hyundai,Tucson,1.6 T-GDI mHEV 160 DCT,2024,MHEV,paralel,1555,0.33,2.62,118,10,0.44,35500,150,6.6,0.38,Fișă tehnică Hyundai 2024,Cd;Af
VW,Golf,1.5 eTSI mHEV 150 DSG,2024,MHEV,paralel,1355,0.28,2.21,110,9,0.30,33500,124,5.5,0.38,Fișă tehnică VW 2024,Cd;Af
VW,T-Roc,1.5 eTSI mHEV 150 DSG,2024,MHEV,paralel,1395,0.31,2.44,110,9,0.30,34500,132,5.8,0.38,Fișă tehnică VW 2024,Cd;Af
Skoda,Kamiq,1.5 TSI mHEV 150 DSG,2024,MHEV,paralel,1339,0.31,2.41,110,9,0.30,29500,128,5.7,0.38,Fișă tehnică Skoda 2024,Cd;Af
Audi,A3,35 TFSI mHEV 150 S tronic,2024,MHEV,paralel,1395,0.28,2.24,110,9,0.30,36500,126,5.6,0.38,Fișă tehnică Audi 2024,Cd;Af
BMW,Seria 1,120 mHEV 170,2024,MHEV,paralel,1495,0.27,2.31,125,14,0.90,39500,133,5.9,0.38,Fișă tehnică BMW 2024,Cd;Af
BMW,Seria 3,320d mHEV 190,2024,MHEV,paralel,1670,0.26,2.24,140,8,0.35,53500,124,4.7,0.42,Fișă tehnică BMW 2024 (diesel 48V),Cd;Af
Mercedes-Benz,Clasa C,C200 mHEV 204,2024,MHEV,paralel,1675,0.24,2.29,150,17,0.89,52500,148,6.5,0.38,Fișă tehnică Mercedes 2024,Cd;Af
Mercedes-Benz,Clasa E,E200 mHEV 204,2024,MHEV,paralel,1855,0.23,2.35,150,17,0.89,64500,151,6.7,0.38,Fișă tehnică Mercedes 2024,Cd;Af
Volvo,XC60,B4 mHEV 197,2024,MHEV,paralel,1885,0.32,2.71,145,10,0.34,56500,164,7.2,0.38,Fișă tehnică Volvo 2024,Cd;Af
Volvo,XC40,B3 mHEV 163,2024,MHEV,paralel,1685,0.31,2.56,120,10,0.34,44500,159,7.0,0.38,Fișă tehnică Volvo 2024,Cd;Af
